qdate,yield1,yield2,yield3,yield4,yield5
1952-06-30,1.8390447289671,1.9094329752719,1.9751411606778,1.9128122484103,2.016681259535
1952-07-31,1.9236276207772,2.0274979415143,2.09072918517,1.9993805900283,2.1390484454062
1952-08-29,1.9506124185597,2.0485160779311,2.1360283099551,2.0407651301476,2.2002069186137
1952-09-30,1.9884517391163,2.0881068789044,2.1494679388527,2.0598495110477,2.2917837820973
1952-10-31,1.9125448040957,2.0600319606682,2.1483427163306,2.1023959582886,2.1672628003376
1952-11-28,2.0545477967465,2.1695071666332,2.1863730037466,2.1134929931564,2.1843991220561
1952-12-31,1.9980839282397,2.1907336417787,2.2112421907105,2.1090326505609,2.2085656926372
1953-01-30,1.9734958362626,2.1444690396343,2.1315328097772,2.1327378277337,2.2673045156084
1953-02-27,2.0765877477831,2.1929463933838,2.1773279721708,2.1858603386869,2.3454805927808
1953-03-31,2.0742052204431,2.2143717403382,2.352056637175,2.358936020216,2.4833252593899
1953-04-30,2.3642006011423,2.483449376971,2.1947545811508,2.4213905641414,2.6902734233391
1953-05-29,2.5952844272856,2.654605025946,2.41155361459,2.6242461499075,3.0356604322421
1953-06-30,2.4207484723596,2.4430178000381,2.3064287511265,2.439741795632,2.7915218535537
1953-07-31,2.2919358575516,2.3364136583165,2.2787948116639,2.4205762202413,2.7157653097272
1953-08-31,2.371279111689,2.2599545645748,2.2945301081028,2.4635094918282,2.7895654078594
1953-09-30,2.0241090213926,2.114831159046,2.2452558299474,2.2266183221542,2.42493699431
1953-10-30,1.6639400253535,1.8293497433927,1.9326771328517,2.0425794197066,2.2495634901791
1953-11-30,1.5768045111688,1.8493702393289,1.9070661428358,2.0421224793904,2.4222616356476
1953-12-31,1.5744963841361,1.7995008871216,1.9616303347254,1.9504135374541,2.2122096163306
1954-01-29,1.1540144102315,1.440317099354,1.6708688143484,1.6937380006366,2.1232114714613
1954-02-26,1.1003291718618,1.2936592118928,1.4962385557484,1.6281248740824,1.8791966337814
1954-03-31,1.0584944007474,1.2118480209426,1.4255341313162,1.5968924735096,1.8174783919258
1954-04-30,0.83752886007756,1.1360692070735,1.3820043602031,1.5444557499829,1.5792542756228
1954-05-28,0.84796737225453,1.0979357221458,1.4291535610504,1.8251640328237,1.7739923510021
1954-06-30,0.73165959965104,0.91252896610487,1.3196040225389,1.6478813548757,1.7668413419083
1954-07-30,0.63280751240737,0.92031285659392,1.3315605036619,1.6025839775792,1.7485648932271
1954-08-31,0.82402047640524,0.92388142975342,1.3303044447895,1.6057779793103,1.8157602792564
1954-09-30,0.9390622631637,1.0530238568045,1.5220843326499,1.6307972808351,1.8805722405949
1954-10-29,1.0458590361322,1.3039806094656,1.5905909503765,1.7793068310525,1.8456127706575
1954-11-30,1.0420896868331,1.340629546651,1.6045193888668,1.8771642023004,1.9411170369391
1954-12-31,1.1389241527366,1.4828321482804,1.7134582727421,1.9889452450534,2.0264359622487
1955-01-31,1.2929979543141,1.7673750276711,1.8784391180403,2.110094317434,2.1345776693338
1955-02-28,1.6545216351543,1.8997186979871,2.0742946315552,2.3321013602172,2.3430792909469
1955-03-31,1.5584459548066,2.0303329445005,2.1842697232891,2.2826411745672,2.3388438912159
1955-04-29,1.6301020958009,2.1046693358036,2.282299861707,2.2751825726252,2.3399318159488
1955-05-31,1.8116717429321,2.0488673885804,2.3252091802989,2.314656278148,2.3903564557768
1955-06-30,1.8391172343443,2.1658956062345,2.4253657476892,2.4463709116842,2.5128153953006
1955-07-29,2.0046446152902,2.3135163591736,2.511720981954,2.5217468231496,2.6735712073846
1955-08-31,2.1405978575206,2.5394985499005,2.6447863337429,2.6379427504854,2.7621613559634
1955-09-30,1.9984328229254,2.3844290398804,2.4857174725944,2.5773482012482,2.6566589285958
1955-10-31,2.0697491553461,2.3055867997266,2.4389313392226,2.5036994771537,2.5360983334035
1955-11-30,2.5723836659168,2.4645418377591,2.7526957655427,2.5888933659837,2.7228404866912
1955-12-30,2.6531034552236,2.6254197375463,2.8050193406995,2.6310431821105,2.8002076528139
1956-01-31,2.3705126669949,2.4697571135014,2.5807515954015,2.5794767961935,2.6305610852728
1956-02-29,2.5112411141642,2.4487787507088,2.6288876679617,2.6145153581635,2.6907824483024
1956-03-29,2.5189483704394,2.7068806465059,2.7062581835015,2.7229029513385,2.9694779652982
1956-04-30,2.9413722489632,3.1509852682936,3.0575082220976,2.9220794760429,3.044343432772
1956-05-31,2.8301095469761,2.8945726104773,2.8441762183694,2.8717952096941,2.9118593596782
1956-06-29,2.5495806829881,2.8188715990481,2.7805113505518,2.8263461618818,2.8428327556698
1956-07-31,2.7161770271685,3.1056214102961,2.9171599642717,3.0658317940824,3.1287557149366
1956-08-31,3.124545041657,3.1873723102534,3.2304364781944,3.3826735208747,3.4378914537076
1956-09-28,3.1810194427174,3.2238515143224,3.3230104815108,3.4416451336117,3.5007271169904
1956-10-31,3.0798433057308,3.2132299065928,3.2331006476368,3.3539897183484,3.4626155226064
1956-11-30,3.4274971815301,3.4951819931653,3.5661626520065,3.4829322872189,3.6202585842347
1956-12-31,3.4442563243579,3.5749862759436,3.5393292080144,3.5276991181019,3.6641739781533
1957-01-31,2.9731442881446,3.3002557682986,3.2231200423906,3.2311953463785,3.3097848916038
1957-02-28,3.2350057535293,3.3698647061906,3.3603088211338,3.3712684176763,3.3822688597658
1957-03-29,3.3787899564062,3.2249574117781,3.2740749130982,3.3881378123217,3.3974294103128
1957-04-30,3.4765587632356,3.2361743311851,3.4725946384951,3.5094104956671,3.5376746934068
1957-05-31,3.4928601745874,3.3910005545233,3.6023889443778,3.6387244314725,3.7071857485933
1957-06-27,3.5808036444976,3.5127718289047,3.7130380564509,3.8456421438224,3.9460548185901
1957-07-31,3.8863022220666,3.6588885186263,3.796699071307,3.9225614374169,4.0427621726144
1957-08-30,3.8906818643733,3.6573381721208,3.7825523137313,3.8438449738601,3.7427360231387
1957-09-30,4.0372485409696,3.8799858932705,3.8825019669264,3.9246558878724,4.0837009139949
1957-10-31,3.8175888369108,3.9725936721818,4.0025027780021,4.0862295479797,3.8501739620479
1957-11-29,3.4440852730543,3.0312702284143,3.084271240711,3.2992925721039,3.4490396181789
1957-12-31,2.6857517851664,2.5457752946798,2.6961502775326,2.8323803521329,2.8253229432564
1958-01-31,2.0569271217879,2.237941290439,2.4414532858448,2.746871415405,2.8320649975142
1958-02-28,1.7339819060812,1.905412929573,2.1699817495252,2.4964146436721,2.6105005423492
1958-03-31,1.496299792077,1.9383471268283,2.1828431621893,2.3847513554208,2.5375131138036
1958-04-30,1.2753109011539,1.6573766667934,1.9851117630465,2.1971524936041,2.4393215729628
1958-05-29,1.1194546226198,1.4794471914959,1.9344900112781,2.0309504653886,2.3690556011122
1958-06-30,1.0999651511029,1.6663812158319,2.1979458053074,2.4896742917385,2.5612100957783
1958-07-31,1.6130295824007,1.8794226943839,2.4426005143442,2.76938705327,2.8215543316099
1958-08-29,2.7737280562092,3.3362981251308,3.3983156868723,3.6457369882023,3.6250566623379
1958-09-30,2.9801360273912,3.3957733256377,3.4733044770456,3.6746636956489,3.7080834950661
1958-10-31,3.0333038180131,3.2631486149319,3.6592865625241,3.6095144826938,3.6376011200425
1958-11-28,3.2221982946835,3.195496291526,3.5535168895934,3.6149018353443,3.4100542522643
1958-12-31,2.9536654768777,3.1206004855984,3.631477737294,3.7290431303331,3.7632531250519
1959-01-30,3.1091904650545,3.3761544028341,3.8301395325334,3.9501753763641,3.928203249052
1959-02-27,3.4435447291813,3.4058235637127,3.630655057115,3.7787945801365,3.7555055709446
1959-03-31,3.5446068545255,3.7021962155749,3.8222259592794,3.8476648953475,3.9127462605762
1959-04-30,3.7896665850416,3.9045691549545,3.9312970118764,4.0748020096086,4.08493522364
1959-05-29,3.8431392270355,3.9688900214448,4.1220386596705,4.1796895583564,4.2307423222769
1959-06-30,4.0831019961431,4.2861824561993,4.2760092151586,4.4145219596696,4.4325815957697
1959-07-31,4.3269466252538,4.1046954778244,4.2154696199914,4.4118339591463,4.5562542281113
1959-08-31,4.4838437761638,4.4646448388138,4.5321788305369,4.6649425104344,4.6973140920221
1959-09-30,4.7900583705521,4.7554189397753,4.7380614814183,4.7538698464955,4.6874149890904
1959-10-30,4.1787525901324,4.2192973508938,4.4962771557797,4.5300994939131,4.2425452676307
1959-11-30,4.8143589050434,4.7647373716866,4.7786429887654,4.8553849643312,4.587721685903
1959-12-31,4.8604669380707,4.9203821438333,4.9876653517702,4.880153250117,4.8105494818554
1960-01-29,4.6327518206166,4.6378878873215,4.6922453065004,4.6632306468736,4.6551068154452
1960-02-29,4.5578376456324,4.4114730656224,4.6572125744458,4.6201272503295,4.5871271855649
1960-03-31,3.6226617949884,3.7586334742208,3.8299193338097,3.9883219968851,4.0432869389487
1960-04-29,4.1467061511377,4.0485916517481,4.1937024462853,4.3728147153481,4.2180049514313
1960-05-31,4.03165504506,4.1704869434535,4.1408203356151,4.2946757161418,4.3988147202408
1960-06-30,3.1688928423126,3.6993851809892,3.7523477686295,3.9500697465504,3.9785960618652
1960-07-29,2.8363672311146,3.0977206810776,3.1078067147263,3.4932043663281,3.4222287532277
1960-08-31,2.8979990358945,2.9642050675307,3.2749297610293,3.5228328210444,3.5109851310231
1960-09-30,2.846958282119,2.7097091343385,3.3359390948809,3.6009451213694,3.4924778956684
1960-10-31,2.8272371582765,3.0630491268967,3.4110640217363,3.6365439159959,3.5569668630944
1960-11-30,3.0110975479039,3.189256680777,3.5131857040275,3.8420705170318,3.6793328315211
1960-12-30,2.6349000345392,2.7805717247132,3.1098561286897,3.347056346535,3.4335381979799
1961-01-31,2.7831065100554,3.133771890803,3.3653457119652,3.5948797349123,3.631580122245
1961-02-28,2.9744318791313,3.102343318085,3.3106825666829,3.4631080161207,3.4882379777651
1961-03-30,2.8964026460305,2.9100034676206,3.1473983465108,3.2756721440784,3.4422526672342
1961-04-28,2.8719823678345,3.052598074155,3.2113074477596,3.118692472915,3.3462167233445
1961-05-31,2.9291645382016,3.2104392072848,3.4203833297665,3.2482824665334,3.5378902363332
1961-06-30,2.9978781686372,3.2571057926007,3.5129106859727,3.6276080938182,3.6277489751211
1961-07-31,2.8900535700611,3.154573239342,3.6279887883201,3.6303367633147,3.6376760798139
1961-08-31,3.047568614857,3.2529697169957,3.6281774870643,3.8030495851514,3.6618439960173
1961-09-29,2.9774555463381,3.0997697464845,3.6171571488414,3.6389449840168,3.5859957123828
1961-10-31,2.9373095963148,3.165930024384,3.5029237736728,3.5087746452029,3.6817394072037
1961-11-30,2.9698297603485,3.3052610410238,3.618412514129,3.5262216352947,3.7804630917756
1961-12-29,3.1094835257503,3.3844863117058,3.7052071203132,3.726765735599,3.8489355410233
1962-01-31,3.2923274596137,3.4970677779321,3.8017052685674,3.8754238795155,3.9544908001519
1962-02-28,3.1347503171195,3.2463803535562,3.4718407445148,3.5908202917192,3.7051902652029
1962-03-30,2.8865909804051,3.1450580403444,3.3220297154137,3.5110365081717,3.5802946973919
1962-04-30,3.0061531776127,3.2751668684561,3.3651557753999,3.5760778868553,3.605422626275
1962-05-31,2.9430852483761,3.1662434274548,3.3210583133564,3.5204501582579,3.5775073378274
1962-06-29,3.0712127760699,3.3774720194703,3.4806610806074,3.6102472099308,3.6521043912119
1962-07-31,3.3081420450779,3.4354149519196,3.5452425682126,3.6450195315164,3.7227436626114
1962-08-31,3.0341130788382,3.1644036741492,3.3453505256663,3.4672648275629,3.5379303627277
1962-09-28,2.9627933422725,3.0755481673211,3.3202553241576,3.4638641550249,3.6642717243932
1962-10-31,2.9220203939586,3.0899881927871,3.3129721598323,3.4033146468514,3.6154743564635
1962-11-30,2.9216785644424,3.1979566247053,3.371909747751,3.4278873198231,3.5347200474758
1962-12-31,2.9779629301925,3.2042760022105,3.3799346565259,3.40925963792,3.491359858187
1963-01-31,3.0294693392334,3.06328194358,3.3976042064584,3.4653353504804,3.6023299878889
1963-02-28,2.9610005650114,3.1081288910221,3.4002684472133,3.4928962128802,3.6507393937259
1963-03-29,3.0271578408997,3.1688569404105,3.4248757252556,3.6128921182456,3.6714987696775
1963-04-30,3.0986611837805,3.2773396282123,3.5214734454139,3.6394090925885,3.6798009666183
1963-05-31,3.1499458233018,3.2806213721503,3.5499318377077,3.6855940989193,3.7365014516367
1963-06-28,3.1257007490444,3.2785651001632,3.5351512848128,3.7134923228382,3.7706895538333
1963-07-31,3.4873719840196,3.6191873959076,3.6629173363889,3.8037677391456,3.8393565584265
1963-08-30,3.6870898176458,3.6498548511698,3.6726505277705,3.8406152859333,3.8781166076901
1963-09-30,3.697425743398,3.6645541991917,3.6846978164897,3.8551760816876,3.9190456996798
1963-10-31,3.6664578971086,3.7627694250452,3.7477455074852,3.9291303084948,3.9780776756926
1963-11-29,3.792366212656,3.8023584412307,3.7858760382862,3.9002825468146,3.9459612913302
1963-12-31,3.8290343153622,3.9076944098009,3.9251074869064,4.0076850702595,4.0042673473609
1964-01-31,3.7893073265197,3.8929962400769,3.9386295582801,3.9428543547593,3.9839286738489
1964-02-28,3.9474269829566,3.9811143264463,4.0248572706763,4.0103491544272,4.0230308296338
1964-03-31,3.9104535149922,4.0763631931671,4.1250494358037,4.1449128588836,4.0727317499416
1964-04-30,3.7829186990149,3.9781381044931,4.047340173014,4.0821956621312,4.0768976071565
1964-05-28,3.8322698824528,3.9181476983215,3.9641699047925,4.0211211105019,3.9792687246177
1964-06-30,3.7795392952362,3.778503957642,3.8935326439912,3.9724796673846,3.9773172034309
1964-07-31,3.7588025845087,3.6639463454947,3.8682403464727,3.9704650288565,4.0059631508219
1964-08-31,3.8130300123298,3.7337627705982,3.9022138850707,3.9910159771051,4.0220379641095
1964-09-30,3.8973292317507,3.7971951384241,3.9390216220343,3.9952352808298,3.9909285799384
1964-10-30,3.9061338258012,3.8617932291829,3.9734301366756,3.9985912305129,4.0054509840389
1964-11-30,4.2140830419709,4.0277850346264,4.0941808257661,4.0811047639587,4.0694281164987
1964-12-31,4.0503037416103,3.9333364075243,3.975228868941,3.9994500971758,4.0756219920504
1965-01-29,4.0771658233767,3.9275775774283,3.9404646646997,3.9742537943267,4.0782335761751
1965-02-26,4.2040039374361,4.034194683044,3.9966231119949,4.0022535554058,4.1211247160619
1965-03-31,4.1400878948354,4.0264933545977,4.024219440025,4.0034391956604,4.1010985183284
1965-04-30,4.0974497343683,4.0247665293254,4.0393681484211,4.0187259838125,4.1166819428729
1965-05-28,4.0773958301816,4.0303777217292,4.0357087007994,4.0169449017966,4.1204062083269
1965-06-30,3.9764244463099,3.9317456138905,4.0044583759228,4.0173985879156,4.0935291960088
1965-07-30,4.0178218018018,3.9994806590288,4.0484370118823,4.1124569909586,4.1210472215409
1965-08-31,4.1717927587646,4.0867375891364,4.145218829818,4.1649988427801,4.1536885011148
1965-09-30,4.3463617476054,4.245941342266,4.2637625762694,4.2677642873381,4.2479952321988
1965-10-29,4.3521845293917,4.2553860234576,4.2820253836481,4.342730056934,4.320298632705
1965-11-30,4.4364169272369,4.2906777616273,4.3980465943354,4.4318560994727,4.3950685063835
1965-12-31,4.8856956634329,4.8080119427949,4.8898406544948,4.8775433874168,4.7702149270387
1966-01-31,4.9198245167624,4.8235841058953,4.9011674171337,4.9049200566785,4.8262615166113
1966-02-28,4.9797868817482,4.89999273629,4.9446417857372,4.9940175382575,4.9517292674598
1966-03-31,4.9304757526322,4.7257042465932,4.739927069268,4.779420655795,4.7267054538537
1966-04-29,4.9901939564553,4.832348095627,4.857910365229,4.8402949017316,4.7969564960396
1966-05-31,5.090375140023,5.0038797690535,4.9847291280689,4.9975521453085,4.8837385148241
1966-06-30,5.106379519743,5.0784920072065,5.1204788563094,5.1126197026006,5.0073774826781
1966-07-29,5.2459536364187,5.1903139007278,5.209602379598,5.225012661736,5.1797455477301
1966-08-31,5.9313658722847,5.8404941384017,5.7658097314003,5.7996164964085,5.559602935981
1966-09-30,5.9998742717772,5.3913472659468,5.3871520096249,5.3176852501793,5.1474197330249
1966-10-31,5.7003298524561,5.2843598783687,5.2339631738742,5.2099054342106,5.1162144330647
1966-11-30,5.4376989417191,5.3539346160214,5.3340247338765,5.3077919199192,5.1953327999013
1966-12-30,5.0129123664085,4.7897510841685,4.8760223359405,4.7325558400465,4.6839680697507
1967-01-31,4.6114482260395,4.4933487141542,4.5654396373587,4.6265792758438,4.5513195273444
1967-02-28,4.6595405831714,4.6342106923295,4.7289765612541,4.7177453370448,4.6849639364629
1967-03-31,4.1401998911269,4.1260950340507,4.2349422757887,4.3304567243236,4.3648754287395
1967-04-28,4.0298664643889,4.3366377089102,4.5024328479676,4.6118002873053,4.6307785364907
1967-05-31,3.9608177797377,4.3212228894389,4.5161948321406,4.5945006495694,4.6793538833152
1967-06-30,5.0612264795378,4.9209553069989,5.0505150509172,5.1744968622471,5.2530761659189
1967-07-31,5.0960718595127,4.8698874032491,4.9519383257126,4.975986215196,5.020336995068
1967-08-31,5.259045692321,5.1482472274902,5.2116390056087,5.1809904511462,5.1864827844207
1967-09-29,5.3582401354168,5.1899845505478,5.2796608918341,5.2901455178782,5.214598351012
1967-10-31,5.5184445633106,5.5592301647566,5.530363913639,5.5242918477031,5.5625707628345
1967-11-30,5.8210920652583,5.5671743698262,5.5929355343659,5.5562243236453,5.6037549875001
1967-12-29,5.9436070509927,5.7012545466314,5.7087099738322,5.6893637084687,5.5892170759009
1968-01-31,5.4702395818646,5.313072362145,5.4032428847923,5.4357278891011,5.3915825159363
1968-02-29,5.5287375816739,5.3674755538459,5.577680336074,5.5055968659288,5.384630270076
1968-03-29,5.6855537307818,5.5038674293474,5.6847793468569,5.7150864474534,5.5397470604161
1968-04-30,5.9098506135931,5.6196973801961,5.8545368582167,5.8670236995767,5.6842397270175
1968-05-31,6.0567475747448,5.7847140280002,5.7874233636999,5.8096739748475,5.6369151231444
1968-06-28,5.9000705691831,5.5282485701668,5.5520099631818,5.5389263606011,5.3740206058914
1968-07-31,5.3948880307125,5.3205238246751,5.1017461493662,5.121384929446,5.0889754905017
1968-08-30,5.3624533071908,5.1304206245897,5.1171967372398,5.1106867478009,5.1678178432746
1968-09-30,5.3734864813548,5.3338189331981,5.1959024775047,5.1337223752643,5.1854722172286
1968-10-31,5.6252194811712,5.4799026638383,5.2774935651087,5.217117580814,5.313798503468
1968-11-29,5.8154385998142,5.5593449187845,5.3746549771569,5.3662340136099,5.4877498236355
1968-12-31,6.4869671834553,6.2943555515694,6.0556188790862,6.2580513607916,6.3289893447672
1969-01-31,6.0961731397791,6.1387824592688,5.9889346844754,5.8199115286756,6.0580244668559
1969-02-28,6.6515493408592,6.2956922199446,6.358246720458,6.1690449203498,6.2875062466732
1969-03-28,6.4887362837789,5.9957559047636,6.1487608860026,6.1151344467393,6.27252225137
1969-04-30,6.179119829257,6.0727577330542,6.1070054519236,5.9492691580344,6.2024431525898
1969-05-29,6.4801266995704,6.4649966382591,6.5074299649725,6.3715203554386,6.5284880423376
1969-06-30,7.3547966629063,7.0108834749612,7.0224049814415,6.7958999823423,6.8481899001772
1969-07-31,7.3382737195031,7.2569640256832,7.1129389860881,6.8427594913168,6.7756793668535
1969-08-29,7.6365113804367,7.2849468885011,7.185801050823,7.0151807678678,6.953346500768
1969-09-30,7.7991557826201,7.8131845802401,7.7690425670488,7.8295285748344,7.8607884268553
1969-10-31,7.3689935674794,7.2229311716002,7.1945518542893,7.2272797563967,7.1179120797298
1969-11-28,7.8831523244468,7.4583330806524,7.5137464778563,7.4673623499552,7.4162631855445
1969-12-31,8.0241153292788,8.1123660656285,8.1566433668206,8.1899792361288,7.9677069417216
1970-01-30,8.0000889723888,7.9850183122886,8.0591233949238,8.0822645884288,8.0611705801052
1970-02-27,6.9189435745367,7.0187690938127,7.0249531553783,7.1575426467383,7.1399921121476
1970-03-31,6.6060434829375,6.9065459117861,6.8577535376663,7.1297744363422,7.047474124202
1970-04-30,7.4872447306507,7.5754121845289,7.7304658856524,7.8098035093006,7.7364781622001
1970-05-29,7.4345880506483,7.7377687541802,7.6002407755542,7.6704476446363,7.6008984006446
1970-06-30,7.18720216879,7.448933412294,7.5654033402377,7.6232848245661,7.5377789240574
1970-07-31,6.8061890028294,7.1817214873979,7.3132451598219,7.4797067414458,7.3677152591815
1970-08-31,6.7957689435701,7.0080180179838,7.1870026167102,7.3589695629202,7.2498742588411
1970-09-30,6.5897963735043,6.5508834517331,6.8242428178845,6.9731701986618,7.0455920537161
1970-10-30,6.3199152870197,6.5060214660349,6.6995123039535,6.8469071658335,6.8720591067914
1970-11-30,5.0957094977953,5.3102278967527,5.6323838598823,5.8203727074043,5.9007091026395
1970-12-31,4.8825578502651,5.39884676468,5.7647467271778,5.8087490391009,5.9176545045634
1971-01-29,4.3098231732291,4.6430867265765,5.234382593598,5.5998179365764,5.6511238049389
1971-02-26,3.7714997910252,4.279581181232,4.8349961953776,5.151702920493,5.3019498504678
1971-03-31,3.7557590730734,4.14414324469,4.5095552715139,4.8143184659324,4.9761450110416
1971-04-30,4.5491480119855,5.214175566084,5.7043634219608,5.795261135487,5.9709537920843
1971-05-28,4.8892123006878,5.4102105789919,5.8445322613207,5.8371843121616,6.2039592348612
1971-06-30,6.0556786139084,6.2624852447398,6.6716850929268,6.6092610274112,6.7796422029701
1971-07-30,6.1100829610742,6.3108115828151,6.727390829983,6.8232080912036,6.8885960805439
1971-08-31,5.2669456278498,5.4442743128001,5.7073114324993,5.7976048197667,6.0200434862163
1971-09-30,5.2675702866897,5.3943072399847,5.6470473574315,5.7664020944826,5.9609728777806
1971-10-29,4.5857849671812,4.9574555868466,5.2050701509416,5.4273489928753,5.656535322963
1971-11-30,4.7392509003902,5.0568102470471,5.2810428576413,5.4941957732977,5.720006295386
1971-12-31,4.1790698507802,4.8256404757838,5.0763007612952,5.2004138472491,5.4251691403833
1972-01-31,4.1244747867788,4.8015922924217,5.3284064255023,5.4760989652421,5.7154138706815
1972-02-29,4.2881379701165,4.7656097469039,5.2424399050052,5.4375304417689,5.6610948299479
1972-03-30,4.934488187142,5.5237984617674,5.7756882668616,5.8711750235611,5.9954431464753
1972-04-28,4.5095538644561,5.1083570873133,5.5240359740913,5.6400635953115,5.7942899719503
1972-05-31,4.6273761811727,4.9436879568086,5.3774288307748,5.5565678302476,5.7111829166265
1972-06-30,5.2477260705229,5.4324533074656,5.6981633961264,5.8507912496238,5.9047398534609
1972-07-31,4.9464555458441,5.2443939102106,5.6630544798986,5.8577097759698,5.886794264148
1972-08-31,5.4819068419156,5.6303993541937,5.8879971789409,6.1128786316588,6.0786688518466
1972-09-29,5.6438685977391,5.7868106241555,5.9284578252447,6.0054256054975,6.0514400056717
1972-10-31,5.5368289727439,5.7538444252926,5.9329508468134,6.082844512921,6.0900998082276
1972-11-30,5.3924631634905,5.640489895783,5.8058134684164,6.0101947713085,6.004455395864
1972-12-29,5.5246687789353,5.9163958166108,5.9893807233396,6.0595629437906,6.1668970416957
1973-01-31,6.1439063582733,6.2085690443699,6.2766437798564,6.3710353479173,6.2986543649834
1973-02-28,6.4042765644136,6.5172535025419,6.5804846711031,6.6093500696552,6.5891644947523
1973-03-30,6.9300359340878,6.7990471368301,6.6960891173385,6.6317749222707,6.6470100430905
1973-04-30,6.7008996159177,6.6310195212626,6.6307827174795,6.5499372282554,6.5681881726019
1973-05-31,6.9441969351667,6.7287478328503,6.616516212008,6.5421834965358,6.5942866345016
1973-06-29,7.5563469852266,6.9640340489298,6.8792569987287,6.7102105560014,6.71672118274
1973-07-31,8.6260667544732,7.9606899245819,7.7925123885125,7.8311376960863,7.6391463198311
1973-08-31,8.3665657028439,7.6568808224407,7.2449497682923,7.1270751458311,7.0491246596985
1973-09-28,7.660035849606,6.958975353467,6.6034348652768,6.584169517433,6.5390659275823
1973-10-31,7.1217891238917,6.7213266538138,6.6397113577721,6.6715549773456,6.6317741976487
1973-11-30,7.4242941837858,6.6927917096143,6.6054374985029,6.5968040690536,6.6073448485786
1973-12-31,7.1243073728138,6.6888508813606,6.6306269187607,6.6570946496578,6.6821910118797
1974-01-31,6.8853407148282,6.6690444119538,6.7085191082036,6.7479346485046,6.7409976848031
1974-02-28,7.020538695973,6.814146700369,6.688555884399,6.7937237754948,6.8056380735544
1974-03-29,8.115268860399,7.6832263835664,7.5737449784569,7.4977389112685,7.4131820449377
1974-04-30,8.6702805334841,8.1472807816426,8.0571257565617,8.0070316993574,7.9365774770829
1974-05-31,8.3149169519901,7.9711569677981,7.936879836139,7.9002935496949,7.72874781725
1974-06-28,8.6083785413409,8.2704655699131,8.1390835781962,8.2130230756255,8.0739768863926
1974-07-31,8.657458003252,8.3666165827813,8.3206411820458,8.3343077838517,8.1864623194664
1974-08-30,9.6772852549256,8.6558348534057,8.4151270222184,8.3192627579927,8.37605318639
1974-09-30,7.8919557153592,8.0346057116513,7.8122463690851,7.8696365026749,7.8365339776892
1974-10-31,7.6411276871624,7.7027701584979,7.7213411536514,7.7642434697726,7.7730603197104
1974-11-29,7.5108097675126,7.1926947894469,7.3104205517529,7.3210655708901,7.3887558930026
1974-12-31,6.8753094587215,7.1692541458904,7.1447472304309,7.140983378561,7.0924065358483
1975-01-31,6.083261751161,6.6412597484084,6.8409044207822,7.0256407653345,7.1548647313492
1975-02-28,5.8621682772922,6.2026722022617,6.498813554112,6.6081593670821,6.9365237326923
1975-03-31,6.1899232095309,6.6843190316977,6.9719206972579,7.2039472791202,7.2931864769871
1975-04-30,6.6640721707158,7.3812292624071,7.7089677147283,7.850856442064,7.8498234361525
1975-05-30,5.9997492461149,6.7743337975894,7.0926251597692,7.2820742109097,7.4124258313106
1975-06-30,6.7009300428782,7.0607186161061,7.3374188269619,7.2911259940741,7.5967038978998
1975-07-31,7.1684709598141,7.5372987534613,7.7665739463873,7.729889769692,7.8333752632077
1975-08-29,7.2989023125022,7.646419549851,7.779115817147,7.8644597090922,7.9747286938613
1975-09-30,7.5307574560997,8.0042557631007,8.0157454864582,8.2514442000882,8.109907205942
1975-10-31,6.1493722402852,6.9078649268202,7.1085218814007,7.286851119453,7.5392745723696
1975-11-28,6.4200497568981,7.1325769236524,7.3185914280582,7.3504925525039,7.7048188004542
1975-12-31,5.9739618544442,6.6143824766045,6.947762747174,7.1186660455324,7.3544209447959
1976-01-30,5.5149904137092,6.3161002933762,6.871541182261,7.1626980001412,7.3790262747539
1976-02-27,6.0111483444372,6.6648541446,7.0415291279593,7.1896940186465,7.3319941734276
1976-03-31,5.9929318210613,6.615552138575,6.9315734286663,7.1599948649932,7.289362125552
1976-04-30,5.9816728461722,6.5611539530246,6.8727394284852,7.009463034416,7.2644170298384
1976-05-28,6.6473600779211,7.2156402808632,7.3944539536201,7.528087840145,7.6168612245236
1976-06-30,6.3419474148918,6.9159961189448,7.1040890634229,7.354774202422,7.4617449964529
1976-07-30,6.0179371263998,6.6531882443483,6.9034934996931,7.1580384660685,7.2656359637371
1976-08-31,5.8222530919037,6.4771609291705,6.6627647469466,6.9827672758152,7.1621576630839
1976-09-30,5.7220057203562,6.2218472555176,6.5667445416837,6.7271467180366,7.0058708192751
1976-10-29,5.423246189684,5.9542725178451,6.2304101734821,6.4719871531818,6.726625847467
1976-11-30,4.9148885335798,5.3256672777488,5.6039655423921,5.857226546233,6.0522388941267
1976-12-31,4.7676659362509,5.2992948856483,5.6821085365086,5.7711509097179,6.0894670928566
1977-01-31,5.5872096541537,6.0765138381935,6.4807477651837,6.7124962718272,6.7538466699839
1977-02-28,5.457797719685,5.9882030726171,6.4128279090988,6.7586522521592,6.8763996369397
1977-03-31,5.3518494397575,5.915028128191,6.3508519937893,6.6715293306206,6.8565772388158
1977-04-29,5.4259854171285,6.0010391079951,6.308499535505,6.709340169444,6.8304153558672
1977-05-31,5.6453807313379,6.081142411641,6.33226122488,6.6529869103146,6.7982117269037
1977-06-30,5.6094171758971,5.9715127543228,6.1720114522517,6.4632708082024,6.6153507754577
1977-07-29,6.118963462088,6.3716480592331,6.5120988579969,6.7817326422634,6.9069512663212
1977-08-31,6.2364841763417,6.4807177294387,6.617006950277,6.7623764690778,6.8406078982495
1977-09-30,6.4789511520507,6.6951338971945,6.7893146183007,6.8862921971565,6.992933419611
1977-10-31,6.7823799307856,7.0194063644737,7.1224274674183,7.2141113931655,7.2736797343403
1977-11-30,6.6253951550457,6.9831797712821,7.0491270036256,7.1226113112516,7.1987088618682
1977-12-30,6.8348153731234,7.0810151520542,7.1644625939685,7.3226064659542,7.4481111404254
1978-01-31,7.0700645193896,7.3261765957718,7.4048315075009,7.5366137704007,7.5889747422578
1978-02-28,7.133364535508,7.4213317896603,7.5583751753575,7.6605055111382,7.7244933191673
1978-03-31,7.16351619707,7.5513763307607,7.6414952369629,7.752130304165,7.7725478633998
1978-04-28,7.3517586738621,7.6075321881613,7.7620872382913,7.8264039378097,7.9052740110003
1978-05-31,7.7630791187909,7.9366601924733,7.9751263194668,8.0179172043935,8.1211576803747
1978-06-30,8.1936102267436,8.2894500372858,8.304780659662,8.304990006554,8.3111641180824
1978-07-31,8.0502908939514,8.2770527058243,8.250325035246,8.2101774807682,8.2463931063957
1978-08-31,8.2537990911626,8.2593046443762,8.160190051088,8.1730780051566,8.1875874880123
1978-09-29,8.5530021784014,8.4260999913379,8.2451732244941,8.2692499950896,8.2761356209699
1978-10-31,9.5060118171326,9.2347566024151,9.0619974718155,8.9984858960004,8.7192013186404
1978-11-30,9.7437405927731,9.2865751211323,8.8789850302008,8.6898609313614,8.5327879472196
1978-12-29,10.142213346259,9.6294210558371,9.3625888828413,9.0923254340134,9.0143866068316
1979-01-31,9.7808701391913,9.3687426708982,8.9234272025875,8.7071212338911,8.6994980167679
1979-02-28,9.9046080875558,9.605895420711,9.0321327359419,9.0265691516472,9.03456890629
1979-03-30,9.5783614288681,9.4323440923915,9.0402567073285,8.9444564219499,8.9149725939817
1979-04-30,9.7617201276098,9.6316479020303,9.1743342581514,9.0927994920322,9.0550724361805
1979-05-31,9.6208115796356,9.2757438401524,8.810234340811,8.8076399988878,8.6781287173232
1979-06-29,9.1072430881657,8.6327544618674,8.5261549089118,8.4918904801495,8.3416310555421
1979-07-31,9.4156865803638,9.0472254291986,8.792404056907,8.7102298225091,8.5840358087429
1979-08-31,10.053546029451,9.5475436104498,9.2193225587118,9.0431381414485,8.8509670906677
1979-09-28,10.580923162079,9.7695139828373,9.4961871299301,9.214018898423,9.0904161964325
1979-10-31,12.419624567164,11.638402881471,11.220627133079,10.816694155224,10.61437105283
1979-11-30,11.182770187221,10.9661248272,10.151289477813,9.9585075311581,9.9661698931797
1979-12-31,11.156473688965,10.836421412756,10.373996437164,10.114692156113,9.9572315549245
1980-01-31,11.614955395846,11.367369111143,10.77834503166,10.691601120183,10.590300823601
1980-02-29,14.386860789131,13.678717402832,13.248403356151,12.672703411987,12.198075802496
1980-03-31,14.879870597269,13.982430418207,13.016066998077,12.279614513952,12.235968411635
1980-04-30,10.374664957668,10.513088761833,10.181193908914,10.015635420817,10.172355950763
1980-05-30,8.524933629016,8.7597725592149,9.0708345979818,9.2738507857096,9.5819675365099
1980-06-30,8.2144023865158,8.742293427154,9.0359923948876,9.1596910957586,9.3989402644319
1980-07-31,8.9034317507218,9.471021230943,9.7340249535557,9.7308305866265,10.075969182564
1980-08-29,11.014039238519,11.1312836968,11.23105408766,11.166499099323,11.277681566569
1980-09-30,11.751495954488,11.704571754645,11.575533040205,11.600991458781,11.502048519077
1980-10-31,12.955730363117,12.620227771103,12.331699974864,12.093672151422,12.250774940775
1980-11-28,14.148417718019,13.123996114941,12.824062849241,12.517542296308,12.569315251521
1980-12-31,12.811326204756,12.391842197189,11.974686911021,11.976597508286,11.878833388043
1981-01-30,13.490539135352,12.537197173912,12.249256233124,12.187332191674,12.259708188546
1981-02-27,14.04146854147,13.169898555345,13.208678949285,13.053638335215,13.012575167766
1981-03-31,12.60317975365,12.620892346992,12.634050585675,12.731541797179,12.854390799788
1981-04-30,14.510944452045,14.280051562025,13.768067156814,13.887204645644,13.737097708724
1981-05-29,14.395372830707,13.792497796751,13.491601937425,13.365577536689,13.10734353128
1981-06-30,13.905506053833,13.987683034331,13.554229305836,13.80826529263,13.227970938363
1981-07-31,15.34921566869,15.13611347517,14.399791109125,14.316416806324,14.011902133683
1981-08-31,15.811565660909,15.639311396437,15.557441633551,14.901872023022,14.759202525225
1981-09-30,15.433053024544,15.592224118283,15.529138724991,15.823724720926,15.001366733319
1981-10-30,13.799493266811,13.961120780345,14.042896126357,14.290652212503,14.268702591129
1981-11-30,11.052231496085,11.576316156835,12.525088915373,12.255956505807,12.191105919686
1981-12-31,12.899610737756,13.207524777373,13.475199660476,13.55612760369,13.437665726078
1982-01-29,13.560135106976,13.437911816467,13.71169924045,13.779728851601,13.615481513255
1982-02-26,13.733397723567,13.702444674374,13.566809625436,13.574662277308,13.425763051327
1982-03-31,13.656610326598,13.822430450834,13.876056068029,13.91115232901,13.54401586464
1982-04-30,13.341378096856,13.476719488948,13.400696977086,13.282922543678,13.128740406715
1982-05-28,12.707680849947,12.977405422792,13.170023329639,13.095580782044,13.12799588291
1982-06-30,13.962879075435,14.063977829943,14.205262766035,13.827750854556,14.022093706051
1982-07-30,12.272544346961,12.793523352046,12.998882003023,12.783853621579,13.190315165265
1982-08-31,11.234516755383,11.619840663922,12.149241629124,12.447327601394,12.387180735962
1982-09-30,10.202543384569,10.957468629339,11.164951812476,11.133385970422,11.410716565888
1982-10-29,9.3712554829264,9.921046097012,10.53369989336,10.270785126869,10.348915134314
1982-11-30,9.210932045848,9.7001683461419,10.172767728125,10.605770127409,10.456102062866
1982-12-31,8.4907964356377,9.2695630193756,9.8343613775358,10.152504507482,10.267158026685
1983-01-31,8.7118613875006,9.3576799663802,10.020079088866,10.000308917406,10.464257842788
1983-02-28,8.4535640017576,9.1345324401177,9.5261157195675,9.9237743706809,10.042891830155
1983-03-31,9.1194336826097,9.6688823727421,10.006968085016,9.9564824103076,10.391100767478
1983-04-29,8.6153936085931,9.205194252381,9.5571553332031,9.7216699559363,10.022297379311
1983-05-31,9.2283627111425,9.7909046360231,10.039633132826,10.335582241925,10.556200935845
1983-06-30,9.3988790998145,10.036083444771,10.168502403932,10.413565985702,10.749045009251
1983-07-29,10.191458171411,10.689291904518,10.949027369026,11.388992573854,11.522356048129
1983-08-31,10.29334722443,10.843834855703,11.132750748524,11.502333342568,11.741256403206
1983-09-30,9.6490013428109,10.272562911291,10.65705400909,10.770356614349,11.277166617234
1983-10-31,9.5056446235796,10.323609054045,10.763286234925,11.057427686479,11.224593076504
1983-11-30,9.651624898671,10.39454035593,10.668287199111,11.083902073347,11.114442573421
1983-12-30,9.802884898165,10.52854956323,10.743907284125,11.166764930354,11.360482778031
1984-01-31,9.5356139964542,10.337268945084,10.594668398938,10.936649209899,11.157161474261
1984-02-29,9.9177517213225,10.737657924735,10.998706573018,11.324069340695,11.494827249577
1984-03-30,10.637605218691,11.272819595732,11.553000979369,11.873290633316,12.022610694721
1984-04-30,10.706019338994,11.583079906951,11.771384851061,12.046415205835,12.29274371966
1984-05-31,11.892530278832,12.627704206914,12.945792816121,13.117545426048,13.400340163957
1984-06-29,11.919360317674,12.770389913265,13.108308957359,13.210778349234,13.350189321881
1984-07-31,11.556071074775,12.228208682715,12.313320376502,12.401738567025,12.529123314661
1984-08-31,11.748767360234,12.167937735044,12.249382459218,12.391897783886,12.462883381
1984-09-28,11.04742241351,11.730108538538,11.910565980563,12.101215957487,12.161673607055
1984-10-31,10.120172834309,10.821782064354,11.093106798745,11.215628879584,11.27083030344
1984-11-30,9.4780396225468,10.230491169978,10.597929011571,10.982971693318,11.038977500946
1984-12-31,9.0179215821314,9.7863286488137,10.386175451557,10.651080205328,10.97293520861
1985-01-31,8.8375254602341,9.6800918747691,10.111504269428,10.547910705278,10.582665198517
1985-02-28,9.6762950980438,10.402565576302,10.783053967085,11.261565939243,11.304764827462
1985-03-29,9.5345856723316,10.187871049472,10.631933568777,11.116922805208,11.110845644816
1985-04-30,8.9224053497461,9.7653133419145,10.208652084668,10.719740066053,10.770309258071
1985-05-31,8.048939684552,8.7442799094271,9.2137956183778,9.7138044184393,9.7258783901799
1985-06-28,7.6792820110047,8.5832075529061,9.2425519570228,9.6402970103428,9.7099930370387
1985-07-31,8.1520060878699,8.8353129662698,9.4731017534778,10.005895292042,9.9191301286064
1985-08-30,8.0331600940573,8.8416132820684,9.2066582406026,9.728978019321,9.7101858320208
1985-09-30,8.0225939182487,8.7058694124892,9.1682107376502,9.6553936518036,9.787011472119
1985-10-31,7.7704331846083,8.536428546479,8.8906338203656,9.3025532008792,9.5008729883094
1985-11-29,7.6887736846613,8.2952669375702,8.5783552628478,8.9867574167288,9.1816169036276
1985-12-31,7.4787168702741,7.851847229997,8.1594707443815,8.4353390389968,8.6234159972034
1986-01-31,7.5768364695313,7.827984327535,8.215498500549,8.4625003889123,8.643589396266
1986-02-28,7.3773293102955,7.5448977683537,7.7233323810672,7.8833625400615,8.0299855781787
1986-03-31,6.7910511558486,6.82718271707,7.0842515010059,7.284834726446,7.3760828765897
1986-04-30,6.4968967622015,6.7017592335731,7.1362913753019,7.2679221674914,7.3987108594939
1986-05-30,6.8349378836006,7.3069665388037,7.6372756115038,8.0383782894555,8.0988111834463
1986-06-30,6.4184939935906,6.7734018033599,7.1183431727522,7.447484419158,7.5063895081784
1986-07-31,6.1966106345295,6.4670054788859,7.0451125279637,7.1703644438624,7.3893380186017
1986-08-29,5.4680366089322,5.9330775990873,6.3254594829732,6.5444637776516,6.639905236374
1986-09-30,5.8232413336628,6.3233000551465,6.7220576604474,7.1251392204347,7.2793937813885
1986-10-31,5.6505784130821,6.1533445258625,6.5206652387977,6.7824260221287,7.0527750674371
1986-11-28,5.7317363440328,6.1128591281865,6.3535691379067,6.6248691177627,6.7450986069684
1986-12-31,6.0604718209975,6.2961464300314,6.5048013872281,6.637679206717,6.9131177642918
1987-01-30,5.9048730559186,6.1976592760428,6.4480271115842,6.6589498832711,6.7409671161535
1987-02-27,5.9762812314021,6.2769944726639,6.4507891535464,6.6457636265656,6.7414011380183
1987-03-31,6.1822512641567,6.4512564495392,6.699225296989,6.8535792228526,7.0573809030254
1987-04-30,6.8364308474528,7.2383847708874,7.5722819367534,7.7581149001125,7.8347808540562
1987-05-29,7.0896397596491,7.6051254853457,7.8496878647947,8.010925893155,8.1140301300437
1987-06-30,6.8229829802248,7.3478787879518,7.6332629929295,7.8255168456139,8.0068074636798
1987-07-31,6.9345349715418,7.4847249448347,7.8355315615096,7.9842223214256,8.1301826543785
1987-08-31,7.205127485007,7.8241494294516,8.1442214988925,8.2860672805032,8.4203012320597
1987-09-30,7.8818383118291,8.4403532863505,8.7672330466499,9.0123730594247,9.0954591796205
1987-10-30,6.7135650360805,7.6306360229424,8.0234617171074,8.3211241602564,8.3678561137302
1987-11-30,6.8826005253252,7.5546004501514,7.9651498044386,8.2694318753811,8.4574504625793
1987-12-31,7.2423681789663,7.6386483278018,7.8873794202121,8.1160625589912,8.303570005536
1988-01-29,6.7189360047503,7.137875996293,7.371835033733,7.5784924489819,7.6776778677933
1988-02-29,6.6077265482986,7.0039466699689,7.2380814790512,7.4136291197708,7.5471507997257
1988-03-31,6.8490952767705,7.2779613223964,7.5517255910071,7.7834370571195,7.9721636890889
1988-04-29,7.0907243019684,7.6214941380679,7.8828359739741,8.1230371624474,8.245726379764
1988-05-31,7.6645991278666,8.0527906137216,8.272127811594,8.5198296714969,8.6500179032314
1988-06-30,7.5091343522412,7.8652395476226,8.0357746743294,8.182012386808,8.3095474573477
1988-07-29,7.9041067582353,8.261685323463,8.3813608409517,8.5077556338838,8.5901564099865
1988-08-31,8.2530318405676,8.5294266495493,8.6154552468154,8.745812903337,8.7889190690164
1988-09-30,7.9744380137387,8.2700779339565,8.3679779489764,8.4088660033614,8.492847381617
1988-10-31,7.9018718033151,8.0761552516101,8.1003685657525,8.1800093737518,8.2165918201801
1988-11-30,8.4629005230028,8.6413799336826,8.643903255083,8.7300511141255,8.7285444098735
1988-12-30,8.8960106855275,8.9354297943642,8.9861978105052,8.9910376989154,9.0011164113256
1989-01-31,8.8828058651957,8.9057860199153,8.8641443194326,8.8821062572923,8.8284732363632
1989-02-28,9.3538632676275,9.3107921907798,9.2505708994766,9.2663593290232,9.1553151467089
1989-03-31,9.6211760065904,9.5183570459557,9.4564130811499,9.341146846179,9.2867050886077
1989-04-28,9.0499015351787,9.077034807002,9.0159492995105,8.9621820021681,8.8911538548139
1989-05-31,8.7650437550692,8.6047450089318,8.6104933509513,8.5920125510488,8.5413091881244
1989-06-30,8.1182700036781,7.9054274899257,7.9107931817478,7.8567118230787,7.9387474290759
1989-07-31,7.5978233999261,7.360183840737,7.4519952046462,7.437034437966,7.4377545568233
1989-08-31,8.1126389863195,8.2369646727573,8.180366964082,8.1663510478135,8.1288540391443
1989-09-29,8.3089799884204,8.2925186377457,8.2922426859404,8.2574161273006,8.2234311644713
1989-10-31,7.7460106736705,7.6754875238173,7.7725386182212,7.7744443382528,7.7565291330198
1989-11-30,7.6685237720817,7.5855903621173,7.6323314414389,7.6823926550189,7.6804796155042
1989-12-29,7.7566398109144,7.7349847863164,7.7894563161833,7.7897422671795,7.7600520677058
1990-01-31,8.0755815794855,8.0974306633849,8.1679362768424,8.2146351820825,8.2441270577249
1990-02-28,8.049525968754,8.2403869811697,8.2748686545097,8.3556879247691,8.3723170062683
1990-03-30,8.286990390406,8.4693519373553,8.5420953796967,8.5371789804546,8.5288279119079
1990-04-30,8.5370909251595,8.7488891834999,8.8351751120826,8.9001186011811,8.8790313305085
1990-05-31,8.120903292916,8.3068118111992,8.3622083831426,8.4557829054308,8.4814764443921
1990-06-29,7.9469299314463,8.0437407491435,8.1385550403778,8.2199776435432,8.2681536334503
1990-07-31,7.6679038576388,7.7368650014364,7.8618361644658,7.9511749364144,8.0335849458885
1990-08-31,7.6200230895146,7.8947359809572,8.1132767747659,8.3239415137952,8.4526731966251
1990-09-28,7.5836557088046,7.8566112753453,8.0426159469453,8.2553452473396,8.3870315563412
1990-10-31,7.4552644508004,7.6019975323137,7.8062557580363,8.0230309131313,8.1598152866391
1990-11-30,7.3323201766656,7.3644277903752,7.5499167343857,7.756108633206,7.8632016860921
1990-12-31,6.9183138741689,7.0543498828013,7.3069606009037,7.4695882793322,7.6557413244701
1991-01-31,6.6086880349203,6.9199640557974,7.1621202633567,7.435174850121,7.5225940972441
1991-02-28,6.4967506018123,6.9035941208046,7.1583339782988,7.4476763841056,7.561684130534
1991-03-28,6.3522055425463,6.9639544399167,7.2279489413346,7.5350001735039,7.7263140116679
1991-04-30,6.1841539487171,6.675843868361,7.0622079757707,7.4165232132036,7.5426004284871
1991-05-31,6.2566382238439,6.7634697645083,7.0445856344766,7.4487281814962,7.6124001832903
1991-06-28,6.3128300191921,6.8527902879684,7.2950870531186,7.6769690800589,7.8623743233659
1991-07-31,6.1584621701079,6.6894975291676,7.1091471484685,7.5137254875078,7.7045266194188
1991-08-30,5.6441372511861,6.3012612998045,6.6515460932058,7.0922657364436,7.2971563252242
1991-09-30,5.3706024214422,5.9249133289459,6.3168770154719,6.724580134042,6.862613677575
1991-10-31,5.1536828116642,5.6118922725293,6.0718361216842,6.5185562873523,6.7035401699639
1991-11-29,4.7892390003065,5.3549965594758,5.7918571139053,6.3545901966717,6.5865582530667
1991-12-31,4.1713708371474,4.7299874315549,5.1765744739433,5.7887439014393,5.9170644835428
1992-01-31,4.3389242513815,5.039527398095,5.7480782307838,6.2464176106395,6.4212593099831
1992-02-28,4.4011942885658,5.2366389888416,5.8189771634931,6.3670120237129,6.6494859180457
1992-03-31,4.6093077105364,5.5632064659807,6.2444089221929,6.7451804783122,6.9148832142338
1992-04-30,4.3759358940556,5.397829280947,6.0713335599201,6.6071010534608,6.917198108878
1992-05-29,4.2689061251804,5.1726060416012,5.8008999335711,6.304304838935,6.684639867876
1992-06-30,4.0634661195689,4.7989376861597,5.4531144540443,5.9951010947287,6.3080136272457
1992-07-31,3.5797261433243,4.3670790593913,5.0015909337684,5.5607987367986,5.8434479415673
1992-08-31,3.4358017793285,4.1088866536915,4.7419288693847,5.340091365867,5.6260441099496
1992-09-30,3.1051522547815,3.7741799067788,4.4036849266933,4.9763963067799,5.3553893357696
1992-10-30,3.605675623013,4.4576351824329,5.0689250492344,5.6565078353949,6.0171921835572
1992-11-30,3.9221489328058,4.7392493218249,5.4286401130078,5.9667257473018,6.2439623367727
1992-12-31,3.6506420836255,4.4998640529383,5.210674813901,5.6808813771981,6.0510641684651
1993-01-29,3.4456307553509,4.2104822774162,4.7790177344185,5.2310579809517,5.6668540485127
1993-02-26,3.3107644184969,3.9148570511362,4.417730366514,4.9420470095626,5.3093444327193
1993-03-31,3.3524016004567,3.9152906840147,4.4909227693558,4.9588334505724,5.2473229962384
1993-04-30,3.2968132434125,3.785773072173,4.3444582887525,4.8372809340658,5.1522374344506
1993-05-28,3.6308509610026,4.1803948589349,4.6611022692048,5.0700067451248,5.3966100786926
1993-06-30,3.4996761164184,3.9825269769978,4.3967182740905,4.746635768736,5.0519641658033
1993-07-30,3.4946420143513,4.1004860923879,4.5288354223,4.8308228969256,5.1999316970332
1993-08-31,3.3533376122161,3.8326325373662,4.2245166231354,4.4925245998124,4.7949884452906
1993-09-30,3.3733980080563,3.8478142125157,4.1997691123636,4.5454705808469,4.7768913421123
1993-10-29,3.4566423936689,3.9367241031197,4.2967499921688,4.5947335235255,4.8116439916564
1993-11-30,3.6317487761414,4.1707394333049,4.5324534966128,4.905703107923,5.1442443518827
1993-12-31,3.6361872031836,4.2022812182481,4.4643502765333,4.9421827689781,5.2094498037985
1994-01-31,3.5166786665618,4.0766424956377,4.4345951144186,4.7429068533999,5.0149416636111
1994-02-28,4.0625816062233,4.6340503745861,5.0209000130941,5.3469662026037,5.5898557269121
1994-03-31,4.4766079250248,5.1650745114635,5.6615832465049,5.9799448958066,6.202112006163
1994-04-29,4.9973444444648,5.6714422114052,6.1101062663653,6.4203085484863,6.5865306838576
1994-05-31,5.2972460190521,5.9247122676083,6.3170579108229,6.5547403539195,6.7216382925194
1994-06-30,5.4271171281149,6.0816603144868,6.3877102725604,6.7340179156336,6.9164880767743
1994-07-29,5.3043118530144,5.9025403393551,6.2158690829751,6.4898461521996,6.6687886291128
1994-08-31,5.4653818866514,6.0817751397219,6.3621847593223,6.5788407292364,6.749584255357
1994-09-30,5.8795051079987,6.4927512394345,6.7912585564619,7.0395902501635,7.2129489827151
1994-10-31,6.0434551878278,6.7297840161134,7.0169588655903,7.2421729544279,7.4042152960302
1994-11-30,6.8366160692975,7.2581081361481,7.5129348888863,7.6132346562375,7.667619779783
1994-12-30,7.1418003242015,7.4959326322206,7.6708811489235,7.6953334028864,7.6679048139508
1995-01-31,6.7433813655758,7.121619900264,7.3100669244322,7.3865064883414,7.414269183498
1995-02-28,6.339897673448,6.6615138169296,6.8067570598185,6.9007447186224,6.9538424375153
1995-03-31,6.349287514513,6.6673852784316,6.8208539740591,6.9175855218627,6.9678580962801
1995-04-28,6.2002443603728,6.4588000260547,6.6182673498818,6.7298205543896,6.7633581069
1995-05-31,5.6968874313205,5.7759131090367,5.8745754955918,5.9548524137228,5.9915436781331
1995-06-30,5.5517830054773,5.7037081276715,5.8015918465188,5.9003846234227,5.8900844253526
1995-07-31,5.5738844675559,5.7861157726006,5.9648326102537,6.0781545891552,6.0714065374021
1995-08-31,5.6215199040981,5.7511947209552,5.8655867858934,5.9737510393802,5.9789505026581
1995-09-29,5.648051941385,5.7172236639939,5.8280048132533,5.9192852779231,5.9062387392405
1995-10-31,5.514262128027,5.5279974477551,5.6451828444987,5.7316722930766,5.7208156370768
1995-11-30,5.3210931159943,5.2734771668035,5.3586169065085,5.45430189165,5.4503936513557
1995-12-29,5.0858227159805,5.0806759980211,5.1821013087209,5.2896691610217,5.3019551956375
1996-01-31,4.888805591252,4.8665401909567,5.0149856523602,5.1374709483546,5.1860443291273
1996-02-29,5.1403400194247,5.3590419069377,5.4921926544016,5.6254806707743,5.6632050354124
1996-03-29,5.4175198300882,5.6877360660358,5.8514536567793,6.00983303184,6.0395379387171
1996-04-30,5.5327162325971,5.9363742171402,6.1265526118034,6.2792393059569,6.3154583725086
1996-05-31,5.6748293480595,6.1528135506802,6.3635620783603,6.5058642612131,6.5570591382317
1996-06-28,5.6435069686017,6.006699781747,6.2376021949749,6.3334137128335,6.3734097797868
1996-07-31,5.8679728925151,6.1130364362205,6.3187774980386,6.4295195809601,6.4885713186899
1996-08-30,5.8244937117858,6.2250989761801,6.4610259910197,6.5834344553604,6.6297168452712
1996-09-30,5.6643531545992,6.0037464357144,6.2082477671111,6.3363216769515,6.3815822437078
1996-10-31,5.4378408954899,5.6622842845771,5.8293908545355,5.9638512109488,6.002819144591
1996-11-29,5.3679629119822,5.5026653134602,5.6404954578894,5.7057284169497,5.7514684288875
1996-12-31,5.4563191848078,5.7858548961207,5.9733329290451,6.0766027435141,6.1388617026812
1997-01-31,5.4871949107704,5.831313767345,5.9996881510702,6.0809973894521,6.1781773435162
1997-02-28,5.5852572117674,6.0044475923429,6.1563710417717,6.248513243121,6.3139708338425
1997-03-31,5.9112189925531,6.3307772822059,6.5231595424954,6.6344700097051,6.6709182984035
1997-04-30,5.8050357952036,6.1887434745036,6.3468466038384,6.4427268773735,6.4872748151919
1997-05-30,5.7858506951935,6.1153351303164,6.2552903152594,6.3808249277334,6.4079481002174
1997-06-30,5.6078603090844,5.9867494116566,6.1216507338694,6.2737261256906,6.3051350414187
1997-07-31,5.5016662685883,5.653405118698,5.7222235631938,5.787476704944,5.8277656043895
1997-08-29,5.6874557637583,5.8653911234659,6.0168667281221,6.1130648398051,6.125085237209
1997-09-30,5.5631628996115,5.7082671271415,5.8055136284207,5.9139638500007,5.9067246136735
1997-10-31,5.2990475853075,5.5563938769715,5.6257094851155,5.663912581999,5.6293804067717
1997-11-28,5.4494869416217,5.7042184641704,5.7601249017523,5.8080012583053,5.749156721285
1997-12-31,5.4109476974156,5.574152010539,5.6249646784419,5.6476914331136,5.6286353082486
1998-01-30,5.1632615416941,5.2576485496462,5.2824905096349,5.358844622635,5.3057410347543
1998-02-27,5.3304820026331,5.4608004336184,5.4841488278717,5.5497129645716,5.5039508085805
1998-03-31,5.3147802752948,5.4991173187862,5.5693371183697,5.5958445346863,5.5405226525721
1998-04-30,5.3296709985492,5.504761709293,5.552759637679,5.5943828362552,5.5585283288858
1998-05-29,5.3497700406267,5.4562344128261,5.5128744698763,5.5596151117036,5.4740163148391
1998-06-30,5.3370772856569,5.3992511909691,5.4777512059692,5.479930776406,5.3813945113229
1998-07-31,5.4203392194431,5.414737022634,5.4568903557225,5.489755022903,5.4636960724278
1998-08-31,5.02484313405,4.8120345371408,4.8985422515038,4.9006793891764,4.8586562017871
1998-09-30,4.5686559704705,4.2741650734891,4.3474703694275,4.3054276812937,4.3435646259668
1998-10-30,4.3815431731145,4.1607394787053,4.3080020223591,4.3550568056815,4.4789580664436
1998-11-30,4.6316424759508,4.4720167740259,4.5252844783628,4.6385829802415,4.5596758150789
1998-12-31,4.4376259772636,4.517927580105,4.5982595540829,4.655263168113,4.5880394888759
1999-01-29,4.455837962988,4.5255645326325,4.5745383903213,4.5956317276483,4.5232493650109
1999-02-26,4.8511487852983,5.0810032744234,5.2163010384276,5.2816464088324,5.2041269843278
1999-03-31,4.6654640734523,4.9348404456988,5.0689855891339,5.1484088261872,5.1672382081642
1999-04-30,4.7121145612241,5.0072506534011,5.135157517513,5.2080193468992,5.2641517899455
1999-05-28,4.9404251028003,5.3394834228976,5.513861084517,5.605734980619,5.6371387582325
1999-06-30,5.1783345063455,5.4527222474788,5.5646829351031,5.6338810426571,5.7564317599991
1999-07-30,5.284348512929,5.5525802445576,5.6716010948016,5.8197211676347,5.9185578721097
1999-08-31,5.4519235102768,5.6435850774292,5.7826495846839,5.9239071233851,5.9648617219021
1999-09-30,5.3723808200767,5.5459057490596,5.6492932634715,5.8033893109113,5.8756400446536
1999-10-29,5.5196193869033,5.7166979907732,5.8132668748119,5.9903403185061,6.0408281438463
1999-11-30,5.7630054917987,5.9236914142458,5.9847493749581,6.0868916786508,6.1387345387029
1999-12-31,5.8928630991817,6.1435417060854,6.2172874257271,6.2962692282691,6.3860339831715
2000-01-31,6.165856168916,6.5008164519649,6.5562977646588,6.5464955830739,6.6558601651658
2000-02-29,6.0972943104094,6.4361366464609,6.5010653053244,6.4839727362493,6.5640423181903
2000-03-31,6.2990817987448,6.3867398422192,6.3349695468381,6.2587720582517,6.2484974946764
2000-04-28,6.4479572766945,6.5646501428985,6.4853915298515,6.4800740410021,6.4519374184454
2000-05-31,6.265436004567,6.5929565497633,6.5319230617856,6.5191171484617,6.4484196747423
2000-06-30,6.393825810721,6.2781881818247,6.198492423068,6.2054769364224,6.1535398834942
2000-07-31,6.3622290370486,6.2001518951318,6.2236525706418,6.1727050096356,6.129174039339
2000-08-31,6.1269235348182,6.0841787538479,6.0193158142079,5.9550937301238,5.9275447459702
2000-09-29,6.1912954251233,5.8873396078189,5.8667037697472,5.8160371591271,5.7927055528116
2000-10-31,6.2045881333692,5.8197986281174,5.8210360546921,5.7668163498719,5.7016283074671
2000-11-30,5.8309800742549,5.5509320662856,5.5343680250603,5.4804260380898,5.385736027398
2000-12-29,5.4283776591867,5.0433100213729,5.0856006557671,5.0449201510192,4.9865838769364
2001-01-31,4.6512959271965,4.5638490207312,4.7070438614048,4.8100188741811,4.8432239278953
2001-02-28,4.4152189416247,4.383321200328,4.5619170375213,4.6495584123794,4.6958967801454
2001-03-30,4.1539169375001,4.1879721340282,4.4013678344225,4.5372365417027,4.6175029044669
2001-04-30,4.0328627886836,4.2753931643423,4.6380974402067,4.8253088291883,4.9336546739744
2001-05-31,3.7895212607504,4.216054235325,4.6192018537707,4.8625170458424,4.973233392297
2001-06-29,3.8775664051593,4.2354789186664,4.6609617941747,4.9173750263391,5.0650799543862
2001-07-31,3.4553767941264,3.7718022137761,4.2200695818272,4.4944565767733,4.6678814128908
2001-08-31,3.32881169101,3.6117948632739,4.054541467294,4.3207764226766,4.494074905421
2001-09-28,2.5151469536871,2.8244549406154,3.421703055758,3.7620131695549,4.052907462609
2001-10-31,1.9555172623741,2.3682670728427,2.9598976530553,3.3598577791196,3.6724480777836
2001-11-30,2.0507984015496,2.8422980763159,3.5124593062088,3.9105404657696,4.0999741157859
2001-12-31,2.0519018870896,3.063662646496,3.8105296197658,4.2273896675267,4.4389457211107
2002-01-31,2.2762123603861,3.148204732687,3.8075962749015,4.2417590847387,4.5158884101467
2002-02-28,2.1954038241678,3.0380918985657,3.6208520671142,4.0757878473517,4.3550674769946
2002-03-28,2.6893287946516,3.6827784864112,4.3242396165767,4.7245660720124,5.001304922385
2002-04-30,2.24863674954,3.2159317638161,3.8571505391081,4.2941121239684,4.5805826855001
2002-05-31,2.2687610462913,3.1838375755763,3.7320283389806,4.1191466376291,4.4111171213437
2002-06-28,1.9411165247542,2.8796837140138,3.4588674387312,3.8610319326576,4.1473743608128
2002-07-31,1.7231602337652,2.2216394398405,2.8519046222018,3.2902774742746,3.6331327241999
2002-08-30,1.7472025926077,2.1169990553789,2.546994762026,2.9871802593062,3.2827747108841
2002-09-30,1.4297057761113,1.6805589220284,2.03371446453,2.3941530950211,2.6689897709623
2002-10-31,1.3365172319691,1.6630550552475,2.1257195510474,2.5297726407129,2.8741267302649
2002-11-29,1.5063519375801,2.0384667518103,2.6076706495102,3.029126524632,3.3183478332036
2002-12-31,1.2085946668148,1.5821181611755,2.0326398454648,2.4618361284718,2.8068848954228
2003-01-31,1.2837069961989,1.6913973329807,2.200300186006,2.6762419164632,3.0416787699185
2003-02-28,1.2326347642102,1.5108031120669,1.9310674437753,2.3704322164559,2.7254293166359
2003-03-31,1.144574709229,1.4855017841057,1.9721531539317,2.4451279416669,2.8250469557444
2003-04-30,1.1503004553935,1.4763284798705,1.9833546196147,2.4725581696947,2.8861086694775
2003-05-30,1.1642542942796,1.3227568367647,1.6207429686624,1.998259931671,2.3505664347646
2003-06-30,1.0393215967906,1.2994812910456,1.699741819089,2.1143618946645,2.5001047870386
2003-07-31,1.2254261303961,1.7353549333053,2.336325914101,2.8879848860204,3.3604162815249
2003-08-29,1.2829199759238,1.9645909810236,2.5459826671971,3.089877503889,3.5114654724658
2003-09-30,1.0545632237702,1.4627326419715,1.9806533810543,2.4466520962566,2.8796212046335
2003-10-31,1.2368484504146,1.8218255355694,2.4048459005853,2.8651791586076,3.294763415871
2003-11-28,1.4351642935623,2.039846408166,2.5762934076822,3.0027327728115,3.3845717907441
2003-12-31,1.2273720043174,1.8373593774004,2.3735005295962,2.8416089794984,3.2613237862011
2004-01-30,1.2256181671381,1.8167151212002,2.3544452318698,2.789820665397,3.1808525467449
2004-02-27,1.1445493354384,1.640786774567,2.142986689931,2.5860938052468,2.971874283875
2004-03-31,1.1455983546013,1.5736287233917,2.0038523709563,2.4397102850794,2.8065922324873
2004-04-30,1.6059870676969,2.3080498628731,2.8939079521611,3.3205245455431,3.6503416881555
2004-05-28,1.8047083753072,2.5290391979909,3.1189315475112,3.5329701936765,3.8550756846736
2004-06-30,2.0120815507248,2.6724474360182,3.1599951349147,3.5037155842177,3.8109806502235
2004-07-30,2.0559198163313,2.6659842050064,3.1128174761367,3.4340089650269,3.7350179286663
2004-08-31,1.9438622124191,2.387625342287,2.7314047270804,3.0572238380479,3.3544217651903
2004-09-30,2.1579599571414,2.5975087090821,2.8706898278764,3.1556724818889,3.3888330985082
2004-10-29,2.2055926685603,2.5342143590645,2.7918271182281,3.0684467467868,3.3032982086026
2004-11-30,2.623702258184,2.9845948250344,3.2475324976409,3.4909000332678,3.7028493656118
2004-12-31,2.7489506339995,3.049544368588,3.2332840540275,3.4526172707325,3.6208619860462
2005-01-31,2.9365442791964,3.2552545065818,3.4085872815244,3.55011699471,3.6949805603142
2005-02-28,3.2484608180592,3.5742917441049,3.7445223114533,3.8813258361878,4.0121863184735
2005-03-31,3.4114305664894,3.7546070324199,3.9162119484893,4.0420465049887,4.1491283397994
2005-04-29,3.3700451387179,3.6170050362754,3.7105063071024,3.7891686217028,3.8779163378223
2005-05-31,3.3704444133342,3.5460398039714,3.594714826218,3.651117289991,3.7132041281686
2005-06-30,3.4902132023114,3.6032099418054,3.6159980182997,3.656225452462,3.672598372884
2005-07-29,3.8495420896312,3.9624110977232,4.0204161948992,4.090193293222,4.0935845347187
2005-08-31,3.7222985861497,3.7852922071727,3.7904891174126,3.8028797928218,3.8207646208376
2005-09-30,4.0616244936835,4.1238082111104,4.1338007350229,4.157417069353,4.1487027099803
2005-10-31,4.3099941216572,4.3356398701603,4.3772454929074,4.4034967294816,4.3978609654396
2005-11-30,4.3937575328726,4.3591559985631,4.3446732096006,4.361979811005,4.3640378579313
2005-12-30,4.3887323713956,4.3415421640698,4.3166944291576,4.3120152010269,4.2916398371421
2006-01-31,4.5445496700709,4.4679963394449,4.4337623813142,4.4507408698064,4.4083697585586
2006-02-28,4.6787136722807,4.6169109529483,4.5975150852829,4.5879990247998,4.5399588256666
2006-03-31,4.8096726199963,4.7508405406283,4.749584971606,4.7643295718516,4.7512909440232
2006-04-28,4.8544054901406,4.7821094045762,4.799907187525,4.8357408708322,4.8492911918974
2006-05-31,5.0344207764855,4.9623026738118,4.950081934697,4.9565611400588,4.9691746812152
2006-06-30,5.2057990605074,5.0786443404165,5.0498707667283,5.0170831321624,5.0257420359622
2006-07-31,5.0430624507082,4.8866080800986,4.8460217420207,4.8144122693063,4.844046533479
2006-08-31,4.9269184515761,4.7062642385754,4.6339838682016,4.6246274544194,4.6271924270955
2006-09-29,4.865786593037,4.6137976536415,4.5413739370977,4.5193160486095,4.5182074075317
2006-10-31,4.8533781156481,4.6259873277183,4.5352921531956,4.5035287011846,4.5005668787012
2006-11-30,4.8050307985515,4.5455028640411,4.4283515304329,4.3868404324898,4.3843289099016
2006-12-29,4.9374313637736,4.7294412751065,4.6467759068413,4.6236124945507,4.6281157667717
2007-01-31,4.9849432377308,4.8462782323452,4.7593111811125,4.7229276047194,4.7389982616114
2007-02-28,4.8334835674103,4.5761091182608,4.49255763704,4.4611386076543,4.4599249140948
2007-03-30,4.8174598607964,4.5094950713836,4.4722077081778,4.474553821722,4.4722452936483
2007-04-30,4.8731696572755,4.523596789586,4.4493508773525,4.4451912405758,4.4519615125238
2007-05-31,4.9641926603746,4.8468092042992,4.7895178759378,4.7861432853756,4.7873105596243
2007-06-29,4.9368566732132,4.791064935615,4.7998181614536,4.8416127748561,4.8629090331004
2007-07-31,4.7175718325607,4.4577638501909,4.4378853086257,4.4870251884534,4.5099571293797
2007-08-31,4.3616609662934,4.0994234547824,4.1291835182438,4.1965604079366,4.2212895269006
2007-09-28,4.0359529538287,3.921770047528,4.0112334663362,4.1240743567417,4.2083064820199
2007-10-31,4.0259906342829,3.8951727999021,3.9271494144478,4.0508725098073,4.1332415459153
2007-11-30,3.1287247728618,2.9821448196876,3.0341797210107,3.2646554712155,3.3731538888098
2007-12-31,3.2711801142032,3.0240438252971,3.0224664853142,3.2864525818752,3.4312733597903
2008-01-31,2.0784235266773,2.0800485760028,2.1927275372875,2.5393258532309,2.7669317128766
2008-02-29,1.6873389762913,1.6156843291462,1.839756895467,2.2116963212139,2.4832983065138
2008-03-31,1.4612452581057,1.5857771452217,1.7481676909304,2.2174400035118,2.4520538420626
2008-04-30,1.9103606608883,2.2533429668838,2.4627110672928,2.8394184245427,3.0192298374733
2008-05-30,2.261877115509,2.6267742529176,2.9357559607662,3.2655051733461,3.4253814881373
2008-06-30,2.3663637174206,2.6054189626068,2.909272229612,3.1882868897857,3.3302131626716
2008-07-31,2.2557174374253,2.4935938903352,2.8054556762364,3.0495913149521,3.2426571294738
2008-08-29,2.1530604319822,2.3503228163863,2.6233917809953,2.8847156936214,3.0903702568066
2008-09-30,1.8067002239066,1.9528943400734,2.2862161180684,2.6692805911718,2.9932382626594
2008-10-31,1.4307993123679,1.3355643065554,1.8163683206719,2.1377546762159,2.8384717163509
2008-11-28,0.85053135793753,0.99387144007573,1.2640146923211,1.2303641756707,1.9264966773992
2008-12-31,0.41018034618669,0.53765904343749,0.99848306895583,1.0286453496807,1.5752357274948
2009-01-30,0.56893671706811,0.94510180564009,1.3259305609566,1.4849850713495,1.891273272204
2009-02-27,0.77771649939208,0.96115702393428,1.3894809446344,1.6681179729037,1.9987927129345
2009-03-31,0.61191355950818,0.7780795670535,1.1627192646882,1.3361495210122,1.6708890264957
2009-04-30,0.50765720235545,0.90540112748949,1.3821648663839,1.7100802441695,2.0304512600847
2009-05-29,0.49796372003439,0.92914130148927,1.3966669916414,1.8608969034696,2.3726653586173
2009-06-30,0.55132412098995,1.1270639639757,1.6141689447309,2.1725830392913,2.5902185953744
2009-07-31,0.47507676647567,1.1259461772113,1.5809833748125,2.0772194449577,2.5536371794948
2009-08-31,0.41734048080482,0.97751104818597,1.455095943432,1.9652393679632,2.4152237623314
2009-09-30,0.41773211435391,0.95495446204153,1.4187845102253,1.8791608515972,2.3468264287311
2009-10-30,0.40461705061341,0.88940362383258,1.351908940647,1.9014343985559,2.3404367622302
2009-11-30,0.28332266511217,0.63774028186828,1.0832241103302,1.5646707460939,2.0227232350305
2009-12-31,0.50256324889869,1.1347625575666,1.6549151007835,2.1930561489395,2.719025178439
2010-01-29,0.31045376199638,0.78850956308773,1.3294033861419,1.8381306307399,2.3509596057523
2010-02-26,0.36463732768509,0.81216894054622,1.3551429084984,1.854281180532,2.3387782093112
2010-03-31,0.45769257117043,1.0040999653607,1.5703302496164,2.1331751289307,2.5880769959547
2010-04-30,0.41548702587664,0.9442510263747,1.4820213947475,2.0208478258053,2.4508129565708
2010-05-28,0.36531702398985,0.75381953658225,1.22340152793,1.7669779144055,2.1200006530702
2010-06-30,0.30717259694934,0.57094819122782,0.94490683563973,1.4448590529646,1.797306002595
2010-07-30,0.27926006506487,0.52822242726807,0.80072263071057,1.2216141404976,1.6166283361951
2010-08-31,0.24816359275743,0.4649550106935,0.68214632061588,1.0213294530511,1.3431855807495
2010-09-30,0.29969678306374,0.41461585410365,0.64724063456334,0.96134412962302,1.2824493784219
2010-10-29,0.26692803963949,0.3135350977874,0.51134759596446,0.84235045156535,1.1780233676548
2010-11-30,0.31724627196769,0.44365071537933,0.71612488015697,1.0826608963126,1.4786294026856
2010-12-31,0.35168505753128,0.57492827955073,1.0084032265831,1.545422671988,2.0395805397333
2011-01-31,0.31130940104299,0.53841475726688,0.9703062240024,1.4429690171057,1.9722450052155
2011-02-28,0.31248492508748,0.67422112645952,1.1645155789572,1.6711776930167,2.1687991607302
2011-03-31,0.29900039177788,0.8129518985905,1.3094771198731,1.818688511061,2.2928542389208
2011-04-29,0.22407586601849,0.59323283146487,1.028851070995,1.5038078042882,2.0008185661851
2011-05-31,0.1852061649681,0.45169584551999,0.79594959699256,1.2299011776069,1.71920402737
2011-06-30,0.1881793585822,0.43943944746734,0.82045745000043,1.2922318869091,1.7712855601914
2011-07-29,0.22948627928724,0.34632222015372,0.55595729325206,0.92757090728975,1.3688495933858
2011-08-31,0.14233649644874,0.20537246722721,0.34011456857018,0.61989541780997,0.97977293869739
2011-09-30,0.1780865848249,0.26156224377405,0.42453556776839,0.66432359079343,0.96849596950519
2011-10-31,0.15983787999523,0.25043725433694,0.40701692636321,0.66761008042496,0.98786057979503
2011-11-30,0.17553538589787,0.26575555282916,0.41650859114272,0.67400223661978,0.974398268763
2011-12-30,0.16495086407951,0.24015754561773,0.39195682344489,0.58274122717278,0.8612033565845
2012-01-31,0.15231351963556,0.2225785484129,0.3050141492659,0.48812923096294,0.72511102927854
2012-02-29,0.20493489400986,0.306168299495,0.4531251858565,0.64057554369336,0.8790059293012
2012-03-30,0.1713128503041,0.33829725503599,0.54119907979266,0.7860932215791,1.0644837912077
2012-04-30,0.18232965087851,0.27107429908327,0.40444148578315,0.61422081778272,0.83003794764982
2012-05-31,0.1807922233453,0.27972942584068,0.37580408321418,0.53385764627311,0.67405550235936
2012-06-29,0.20856269040489,0.30993460854681,0.43183893834944,0.59043101251653,0.73813022191343
2012-07-31,0.16855511851192,0.21882482097047,0.28964489006402,0.43411306502159,0.5970445991522
2012-08-31,0.19746396429138,0.23772863996526,0.29795907973693,0.42795907109407,0.60015473943205
2012-09-28,0.19906499016554,0.23594123665493,0.32437397934484,0.46681670229715,0.63070471140482
2012-10-31,0.21870454042854,0.29163205568292,0.38074026094535,0.55247318903161,0.732987669062
2012-11-30,0.21057253294608,0.26219807073679,0.3478914442512,0.46837445851886,0.62454531480001
2012-12-31,0.19639749688993,0.25271110388676,0.36906621425821,0.54186154437036,0.72494214064535
2013-01-31,0.14253880438849,0.26880755234041,0.4229064339024,0.65206738926389,0.88620028857785
2013-02-28,0.16030878802329,0.24619747765032,0.35622715023029,0.55710312026227,0.76661539564443
2013-03-28,0.13113296574345,0.24735558209831,0.36454536332502,0.56214087834752,0.76869541262162
2013-04-30,0.10634769963962,0.21927923590231,0.32298927212351,0.48024590295594,0.6786839615873
2013-05-31,0.13410194375016,0.30778444154408,0.51760968612775,0.76729441182156,1.0263449823115
2013-06-28,0.15539107149538,0.36442247330074,0.69303235783101,1.0738087277431,1.4116084046529
2013-07-31,0.15302376125992,0.31746350069054,0.62071491273226,1.0277779216073,1.4013232782655
2013-08-30,0.15994156748707,0.41111517182508,0.82063090251177,1.2922878914529,1.662757241297
2013-09-30,0.1202405660074,0.3202764415129,0.64815448113574,1.0554737385515,1.3924233882687
2013-10-31,0.12971525516192,0.30504307786251,0.61097837471855,1.000499230843,1.3371999879798
2013-11-29,0.16530375884818,0.2890842826543,0.58240849755935,1.0075320334918,1.374657411723
2013-12-31,0.16853829203879,0.39204348969797,0.80404909816463,1.3223186439243,1.7541100189347
2014-01-31,0.095344643432196,0.33173427698142,0.71667069120878,1.1403420081707,1.5074072288871
2014-02-28,0.11816457778635,0.31965185855707,0.71261769405876,1.1470220204967,1.5253029314777
2014-03-31,0.12597478766886,0.42082803180232,0.9009750240587,1.3682931418436,1.7398818079865
2014-04-30,0.10144095376035,0.41200224519242,0.87361236405708,1.3336474574455,1.691445901685
2014-05-30,0.097980112081982,0.37168938501297,0.80877849684257,1.2169290239914,1.5551479949294
2014-06-30,0.11756233495026,0.45807529189691,0.89526085696863,1.3168692610848,1.6499954410269
2014-07-31,0.14377008939754,0.53064565529475,1.0388137138139,1.5039994663996,1.7763123861842
2014-08-29,0.11461676454161,0.51291100475828,0.97711824768431,1.3963484424561,1.6510835080912
2014-09-30,0.13425163573605,0.58881678498419,1.0962590209772,1.5223729984388,1.7812844310386
2014-10-31,0.1317969075507,0.50979192032683,0.96981710622995,1.375699806334,1.6299579905726
2014-11-28,0.17075253016585,0.47937294082333,0.89765253844149,1.2584444362938,1.4943779322386
2014-12-31,0.26035800433447,0.68408175403492,1.1093016606495,1.4743282105627,1.6552278334505
2015-01-30,0.1618101404618,0.45706603483143,0.77209185819448,1.0201681107778,1.165574079381
2015-02-27,0.23398521792339,0.63400057304847,1.0351279447483,1.3383719890259,1.5096758357968
2015-03-31,0.25887724814985,0.56634356021135,0.90149488298748,1.1882895079334,1.3759139250574
2015-04-30,0.22830415656568,0.58570734874288,0.92191309856023,1.2259256855869,1.4388950767068
2015-05-29,0.26621694199085,0.61171285968288,0.95399450576562,1.273291782179,1.5042510896957
2015-06-30,0.34362584955656,0.64653253811983,1.0279995827685,1.3891665302498,1.6648950507976
2015-07-31,0.36446558665488,0.6719047980557,0.99359876911708,1.3227536666532,1.5525375563706
2015-08-31,0.44216099496802,0.76005873092542,1.0943768999085,1.3929645330026,1.5797962141325
2015-09-30,0.38970563111213,0.63423459462497,0.91317613487669,1.1925934331843,1.3786724258612
2015-10-30,0.47201495048571,0.75333056166454,1.033697610024,1.3522461295495,1.5430582858965
2015-11-30,0.71823543233961,0.94494982221886,1.2251905350831,1.4938858659818,1.6767663108178
2015-12-31,0.70902428311819,1.063172224984,1.326630888017,1.6043886291623,1.7768033004138
2016-01-29,0.52848556864429,0.79871970362302,0.9909248751835,1.2061063434644,1.3510915859069
2016-02-29,0.63299156505122,0.783467624529,0.9078329352787,1.1341527472062,1.2502125742255
2016-03-31,0.58523267808067,0.73539567513354,0.86674235778639,1.0722490730362,1.2210186842857
2016-04-29,0.55491938930873,0.78239299669395,0.93970095139209,1.1623207271304,1.3159516389597
2016-05-31,0.69199129378049,0.88071757805927,1.0306351598399,1.2606094534435,1.3943148261616
2016-06-30,0.50985244744292,0.58985840486166,0.69769808899568,0.89071844711929,1.0118032684957
2016-07-29,0.59921455129137,0.65225482951454,0.75912699040774,0.93213496905836,1.0400120322037
2016-08-31,0.67631962882561,0.81959553855545,0.93996149395734,1.1286523464312,1.2215036758907
2016-09-30,0.66380014793965,0.78295398167237,0.89665181758607,1.068444086439,1.1752241401045
2016-10-31,0.69740643952617,0.85996484078313,1.0005705509947,1.2058188136905,1.33528901803
2016-11-30,0.88971567826508,1.115352664654,1.4016091137108,1.7217811234954,1.8790656145155
2016-12-30,0.85881673227144,1.1955578812379,1.4514909005914,1.7591572990013,1.9486278784559
2017-01-31,0.82738927219001,1.215719593867,1.4837759266098,1.7560027984143,1.9302884308558
2017-02-28,0.89906134704031,1.2594017495173,1.5335468327487,1.7945173108553,1.953222271342
2017-03-31,1.0164744936823,1.2564567815183,1.5107372957292,1.7791735049336,1.9362376210523
2017-04-28,1.0872118795265,1.2618922799352,1.4521252193108,1.6898852236907,1.826766677499
2017-05-31,1.1954342310423,1.2764952949977,1.4459595594514,1.6358090876599,1.7625548631814
2017-06-30,1.2641550908289,1.3742497406974,1.5553847766219,1.7517955965704,1.8970515479606
2017-07-31,1.245898461291,1.3449603372612,1.5126733127082,1.7086958399513,1.8432374634902
2017-08-31,1.241880200223,1.3218179260126,1.4326864491549,1.5988480999382,1.7133785800094
2017-09-29,1.3463655945572,1.4800141819588,1.6361652633557,1.8157482230494,1.9450971085064
2017-10-31,1.4795688431574,1.5980720888791,1.7404515334649,1.8925996106194,2.0239431519864
2017-11-30,1.6360119580057,1.7745532681278,1.900783476474,2.0364714432041,2.1378122342142
2017-12-29,1.7637635028196,1.8727342957593,1.9723062381794,2.1109669903665,2.2019745725017
2018-01-31,1.8754280317536,2.1304747493962,2.2938365171095,2.4243371872496,2.5133389590455
2018-02-28,2.0460327401064,2.2505209008352,2.4096858787225,2.5575439109164,2.6388325310382
2018-03-29,2.0844048588573,2.2656465907861,2.3776756978543,2.4809878751164,2.5530680716874
2018-04-30,2.2440970245737,2.4794283931908,2.6328228839341,2.7286886780762,2.7909917844766
2018-05-31,2.2594718398858,2.416029838993,2.5512427922248,2.6416406146264,2.6891743363404
2018-06-29,2.3287202396438,2.5166365578006,2.6131634383695,2.6913371370555,2.7280822120587
2018-07-31,2.4378047679303,2.6605692525786,2.7522615548299,2.798227012026,2.8346034572301
2018-08-31,2.4575893581361,2.6036333162926,2.6752231274713,2.7173202663997,2.7272029146699
2018-09-28,2.6159781609118,2.7974520397639,2.8639178027575,2.9125173711746,2.9333054418762
2018-10-31,2.686908409233,2.8487544549571,2.9103883233711,2.9417736937078,2.9607536369378
2018-11-30,2.6802477487713,2.7642106783243,2.772519321499,2.7988810372983,2.805887139365
2018-12-31,2.602623024622,2.458289264443,2.4409156098623,2.4734046969291,2.4997686433751
2019-01-31,2.5320186556823,2.4434246246909,2.4152959818177,2.4217834233607,2.4252407817047
2019-02-28,2.5256434777771,2.5012238038914,2.4821055991482,2.4952001960655,2.5062545666102
2019-03-29,2.3675708969738,2.2385865170602,2.192176216977,2.2115838891489,2.2173825322691
2019-04-30,2.3569778217977,2.2524208211409,2.2282886383549,2.2475973916382,2.2706187278863
2019-05-31,2.2048595796663,1.9250588873414,1.8745228490221,1.8909846043459,1.9004771576901
2019-06-28,1.9425633714953,1.746150414792,1.7093887857326,1.7327065353831,1.7629252902089
2019-07-31,2.0393438542769,1.8676222291309,1.8176430746407,1.8251132626445,1.8241227785606
2019-08-30,1.7887280462113,1.505531375329,1.4228354506872,1.4053416860479,1.3909131524682
2019-09-30,1.7856870177968,1.626618458124,1.5549617445966,1.55126529658,1.5453809491829
2019-10-31,1.5098682785321,1.5387931869527,1.5085919721703,1.516297219018,1.5228960769335
2019-11-29,1.5817643198772,1.6224597504896,1.6091791255453,1.6191748146906,1.6326232484919
2019-12-31,1.5685913026783,1.5755549335354,1.6059361280122,1.6623880208206,1.6894964701863
2020-01-31,1.438182000874,1.3170155569056,1.2896669581944,1.2949156925533,1.310382633305
2020-02-28,1.0112581224122,0.92111903137813,0.90658282803198,0.93055899829288,0.94191393941242
2020-03-31,0.15944969728381,0.25164731718571,0.30250019833531,0.34601268456945,0.39543550974173
2020-04-30,0.15641939056625,0.20694119413927,0.25555590702128,0.3206433234254,0.37291802172826
2020-05-29,0.18753662453293,0.17154718576499,0.2117983452879,0.25764504563808,0.31971046814144
2020-06-30,0.17386790321279,0.1570605558345,0.17563269077943,0.21072730100988,0.29483977017909
2020-07-31,0.12547567084827,0.11084352878319,0.12223453864941,0.17502619367731,0.21813619887354
2020-08-31,0.13792522409501,0.13418210895814,0.15408129052698,0.21418999964976,0.276063975483
2020-09-30,0.12625367862243,0.12642005342367,0.16396707506569,0.21081668696047,0.28355002914623
2020-10-30,0.13136450530202,0.1576196191463,0.20024734641158,0.29841029353136,0.39862626930111
2020-11-30,0.11616001563523,0.14786980034986,0.18505039781047,0.28135211701916,0.37335796759485
2020-12-31,0.10419054055987,0.12432961100501,0.15737113203465,0.26484959220026,0.37251681784431
2021-01-29,0.088050983761703,0.11691828036991,0.1785303842385,0.29530661523304,0.43010471844603
2021-02-26,0.079643837831726,0.14728623136503,0.29798308311865,0.51927185544599,0.73763786340227
2021-03-31,0.078811472495099,0.16164989581673,0.36297057017819,0.66761384237512,0.94962231140622
2021-04-30,0.072344593874129,0.16550403483316,0.34183695957077,0.60641281565064,0.85990058713382
2021-05-28,0.065265894056064,0.14687879919745,0.3143260630921,0.56814608641499,0.82430822085212
2021-06-30,0.089157610963307,0.24826889756411,0.46126419735767,0.69157479950455,0.8980478402894
2021-07-30,0.06417618073738,0.17421936678533,0.34445764782192,0.55117026889077,0.69722750255956
2021-08-31,0.090404529263891,0.21445117904203,0.41429152809341,0.62728360524817,0.78212791960565
2021-09-30,0.083663392987042,0.2763140725609,0.50083568515593,0.77946092270436,0.97695344694624
2021-10-29,0.14941179330992,0.50728229637916,0.76258445744783,1.0317057181696,1.1820334002757
2021-11-30,0.24803943219798,0.5725638853763,0.85089505311003,1.0650059617567,1.1567837655353
2021-12-31,0.38446578011319,0.73231368688506,0.97146401311126,1.153660823342,1.2651669321032
2022-01-31,0.78934546127075,1.1701769676566,1.3853921955848,1.5402041930385,1.610702806181
2022-02-28,1.008336879131,1.4519258375174,1.6320840218154,1.7145603655332,1.7264260733991
2022-03-31,1.6892353466345,2.3329461543606,2.5164962715931,2.5248638396967,2.4504828795893
2022-04-29,2.1187029425549,2.6953026663847,2.883986132367,2.9432540445176,2.9426541628439
2022-05-31,2.1257913636255,2.5289228864957,2.7239694230847,2.8024368776119,2.8194025965718
2022-06-30,2.8748828584745,2.9377453393188,2.996103333517,3.0294568330986,3.0327275521251
2022-07-29,2.9355039383581,2.8540857241097,2.7934207491172,2.7055910613139,2.6582653173912
2022-08-31,3.4637983394113,3.4443478640296,3.4930063540799,3.4429310877673,3.3290944494215
2022-09-30,4.1102210848127,4.2439465421922,4.2324407368699,4.1575055034473,4.0466860061563
2022-10-31,4.6789962734194,4.4395420255796,4.3875026552125,4.3015838506319,4.1845449752991
2022-11-30,4.6698608310459,4.2659194963596,3.9778177780328,3.8449217074293,3.7102735859862
2022-12-30,4.6552576217005,4.3624954851718,4.1270435734296,4.0267140439975,3.9574184251051
2023-01-31,4.6512373742054,4.146680683765,3.8198069649935,3.683397905142,3.5740284713396
2023-02-28,5.0723442418489,4.7558282595661,4.4437935535294,4.259875820509,4.122969040598
2023-03-31,4.5747917132784,3.9663978051231,3.7220869420879,3.6461806233177,3.5434488861618
2023-04-28,4.7330586116088,3.962794676262,3.6537495694622,3.5419840001476,3.4490306330043
2023-05-31,5.1272626651458,4.3514589104594,3.9871268653675,3.8594215698464,3.720279613222
2023-06-30,5.3417034488225,4.8293151269328,4.4132152766598,4.2548153794493,4.0937550868697
2023-07-31,5.2983300780156,4.8229419079231,4.4388227589884,4.2549663877268,4.1195764777367
2023-08-31,5.3228296785662,4.8026911352775,4.4723201999478,4.324825638465,4.199169757408
2023-09-29,5.3834694728524,4.9621221516388,4.7004813396554,4.6277358763449,4.5541974061098
2023-10-31,5.3551659252661,5.019775224066,4.844234956,4.8319309494661,4.8074909294626
2023-11-30,5.0157250407109,4.6147798779155,4.3725965406414,4.2907825309517,4.2251646975142
2023-12-29,4.6928670181575,4.1712633780614,3.9290622751024,3.8595651472022,3.8011437661513
